{
  "logistic_regression": {
    "accuracy": 0.6742645715329801,
    "precision_macro": 0.44334548556727443,
    "recall_macro": 0.7651000828209382,
    "f1_macro": 0.47870554166913737,
    "f1_weighted": 0.7375478076166281,
    "auc_ovr": 0.9145496005916189,
    "train_time_sec": 65.92511010169983
  },
  "decision_tree": {
    "accuracy": 0.8911017723369268,
    "precision_macro": 0.6161965081653772,
    "recall_macro": 0.8476938325229411,
    "f1_macro": 0.6845863025421496,
    "f1_weighted": 0.9058239083891175,
    "auc_ovr": 0.9197138052175788,
    "train_time_sec": 21.86801266670227
  },
  "lstm": {
    "accuracy": 0.9714964370546318,
    "precision_macro": 0.8664601064248011,
    "recall_macro": 0.873435698257061,
    "f1_macro": 0.8691449424281548,
    "f1_weighted": 0.9714125145925017,
    "auc_ovr": 0.9870853463927783,
    "train_time_sec": 758.5773377418518
  },
  "bilstm": {
    "accuracy": 0.9667458432304038,
    "precision_macro": 0.8609867377104938,
    "recall_macro": 0.8731157906955831,
    "f1_macro": 0.861633633421202,
    "f1_weighted": 0.9681696480948725,
    "auc_ovr": 0.98653888901064,
    "train_time_sec": 1436.6413581371307
  }
}