{
  "LSTM": [
    {
      "epsilon": 0.0,
      "alpha": 0.005,
      "steps": 20,
      "macro_f1": 0.8691449424281548,
      "macro_recall": 0.873435698257061,
      "attack_success_rate": 0.0,
      "avg_confidence": 0.9764848947525024,
      "orig_avg_confidence": 0.9764848947525024,
      "confidence_drop": 0.0,
      "recall_clean_S": 0.6726618705035972,
      "recall_clean_V": 0.9613259668508287,
      "recall_clean_F": 0.7654320987654321,
      "recall_adv_S": 0.6726618705035972,
      "recall_adv_V": 0.9613259668508287,
      "recall_adv_F": 0.7654320987654321
    },
    {
      "epsilon": 0.01,
      "alpha": 0.005,
      "steps": 20,
      "macro_f1": 0.8369917507015121,
      "macro_recall": 0.8493390735590456,
      "attack_success_rate": 0.009497837126198984,
      "avg_confidence": 0.9704464673995972,
      "orig_avg_confidence": 0.9764848947525024,
      "confidence_drop": 0.006038480903953314,
      "recall_clean_S": 0.6726618705035972,
      "recall_clean_V": 0.9613259668508287,
      "recall_clean_F": 0.7654320987654321,
      "recall_adv_S": 0.6474820143884892,
      "recall_adv_V": 0.9447513812154696,
      "recall_adv_F": 0.7037037037037037
    },
    {
      "epsilon": 0.02,
      "alpha": 0.005,
      "steps": 20,
      "macro_f1": 0.7975502562620884,
      "macro_recall": 0.8256359086941965,
      "attack_success_rate": 0.02233402294526989,
      "avg_confidence": 0.9618721604347229,
      "orig_avg_confidence": 0.9764848947525024,
      "confidence_drop": 0.014612743631005287,
      "recall_clean_S": 0.6726618705035972,
      "recall_clean_V": 0.9613259668508287,
      "recall_clean_F": 0.7654320987654321,
      "recall_adv_S": 0.6241007194244604,
      "recall_adv_V": 0.925414364640884,
      "recall_adv_F": 0.6481481481481481
    },
    {
      "epsilon": 0.05,
      "alpha": 0.005,
      "steps": 20,
      "macro_f1": 0.5959596268952894,
      "macro_recall": 0.6592777395908478,
      "attack_success_rate": 0.09968027082941508,
      "avg_confidence": 0.9277210831642151,
      "orig_avg_confidence": 0.9764848947525024,
      "confidence_drop": 0.04876384511590004,
      "recall_clean_S": 0.6726618705035972,
      "recall_clean_V": 0.9613259668508287,
      "recall_clean_F": 0.7654320987654321,
      "recall_adv_S": 0.43884892086330934,
      "recall_adv_V": 0.8169889502762431,
      "recall_adv_F": 0.21604938271604937
    }
  ],
  "BiLSTM": [
    {
      "epsilon": 0.0,
      "alpha": 0.005,
      "steps": 20,
      "macro_f1": 0.861633633421202,
      "macro_recall": 0.8731157906955831,
      "attack_success_rate": 0.0,
      "avg_confidence": 0.9588949680328369,
      "orig_avg_confidence": 0.9588949680328369,
      "confidence_drop": 0.0,
      "recall_clean_S": 0.7697841726618705,
      "recall_clean_V": 0.9426795580110497,
      "recall_clean_F": 0.691358024691358,
      "recall_adv_S": 0.7697841726618705,
      "recall_adv_V": 0.9426795580110497,
      "recall_adv_F": 0.691358024691358
    },
    {
      "epsilon": 0.01,
      "alpha": 0.005,
      "steps": 20,
      "macro_f1": 0.8120768723088834,
      "macro_recall": 0.8460691991633926,
      "attack_success_rate": 0.019183519183519182,
      "avg_confidence": 0.9454604387283325,
      "orig_avg_confidence": 0.9588949680328369,
      "confidence_drop": 0.01343458890914917,
      "recall_clean_S": 0.7697841726618705,
      "recall_clean_V": 0.9426795580110497,
      "recall_clean_F": 0.691358024691358,
      "recall_adv_S": 0.7446043165467626,
      "recall_adv_V": 0.9240331491712708,
      "recall_adv_F": 0.6234567901234568
    },
    {
      "epsilon": 0.02,
      "alpha": 0.005,
      "steps": 20,
      "macro_f1": 0.7556992743223335,
      "macro_recall": 0.8157694627103378,
      "attack_success_rate": 0.04795879795879796,
      "avg_confidence": 0.9290797710418701,
      "orig_avg_confidence": 0.9588949680328369,
      "confidence_drop": 0.029815305024385452,
      "recall_clean_S": 0.7697841726618705,
      "recall_clean_V": 0.9426795580110497,
      "recall_clean_F": 0.691358024691358,
      "recall_adv_S": 0.7032374100719424,
      "recall_adv_V": 0.8915745856353591,
      "recall_adv_F": 0.5802469135802469
    },
    {
      "epsilon": 0.05,
      "alpha": 0.005,
      "steps": 20,
      "macro_f1": 0.5746893615216208,
      "macro_recall": 0.6678556742925255,
      "attack_success_rate": 0.19230769230769232,
      "avg_confidence": 0.8745183348655701,
      "orig_avg_confidence": 0.9588949680328369,
      "confidence_drop": 0.08437670767307281,
      "recall_clean_S": 0.7697841726618705,
      "recall_clean_V": 0.9426795580110497,
      "recall_clean_F": 0.691358024691358,
      "recall_adv_S": 0.5377697841726619,
      "recall_adv_V": 0.787292817679558,
      "recall_adv_F": 0.2839506172839506
    }
  ],
  "HMR-BiLSTM": [
    {
      "epsilon": 0.0,
      "alpha": 0.005,
      "steps": 20,
      "macro_f1": 0.8824864632167984,
      "macro_recall": 0.9146363517213706,
      "attack_success_rate": 0.0,
      "avg_confidence": 0.935391902923584,
      "orig_avg_confidence": 0.935391902923584,
      "confidence_drop": 0.0,
      "recall_clean_S": 0.8111510791366906,
      "recall_clean_V": 0.9447513812154696,
      "recall_clean_F": 0.845679012345679,
      "recall_adv_S": 0.8111510791366906,
      "recall_adv_V": 0.9447513812154696,
      "recall_adv_F": 0.845679012345679
    },
    {
      "epsilon": 0.01,
      "alpha": 0.005,
      "steps": 20,
      "macro_f1": 0.8631196166036841,
      "macro_recall": 0.9018864648652782,
      "attack_success_rate": 0.005435291912660482,
      "avg_confidence": 0.9262134432792664,
      "orig_avg_confidence": 0.935391902923584,
      "confidence_drop": 0.0091785229742527,
      "recall_clean_S": 0.8111510791366906,
      "recall_clean_V": 0.9447513812154696,
      "recall_clean_F": 0.845679012345679,
      "recall_adv_S": 0.7931654676258992,
      "recall_adv_V": 0.93646408839779,
      "recall_adv_F": 0.8148148148148148
    },
    {
      "epsilon": 0.02,
      "alpha": 0.005,
      "steps": 20,
      "macro_f1": 0.8391127811932831,
      "macro_recall": 0.8919511779907487,
      "attack_success_rate": 0.013072814169243744,
      "avg_confidence": 0.915486216545105,
      "orig_avg_confidence": 0.935391902923584,
      "confidence_drop": 0.01990562491118908,
      "recall_clean_S": 0.8111510791366906,
      "recall_clean_V": 0.9447513812154696,
      "recall_clean_F": 0.845679012345679,
      "recall_adv_S": 0.7823741007194245,
      "recall_adv_V": 0.925414364640884,
      "recall_adv_F": 0.7962962962962963
    },
    {
      "epsilon": 0.05,
      "alpha": 0.005,
      "steps": 20,
      "macro_f1": 0.7470199643468376,
      "macro_recall": 0.850043806802048,
      "attack_success_rate": 0.05088557773404554,
      "avg_confidence": 0.8735613226890564,
      "orig_avg_confidence": 0.935391902923584,
      "confidence_drop": 0.06183067709207535,
      "recall_clean_S": 0.8111510791366906,
      "recall_clean_V": 0.9447513812154696,
      "recall_clean_F": 0.845679012345679,
      "recall_adv_S": 0.7158273381294964,
      "recall_adv_V": 0.8812154696132597,
      "recall_adv_F": 0.7530864197530864
    }
  ]
}